subject,exercise,camera,frame_id,img_path,angle_gt,angle_pred,absolute_error
1,1,cam0,926,dataset_check_frames/sils/1/01/cam0/0926.png,99.44879150390624,140.0,40.551208496093764
1,1,cam0,908,dataset_check_frames/sils/1/01/cam0/0908.png,99.12738800048828,139.0,39.87261199951172
1,1,cam0,731,dataset_check_frames/sils/1/01/cam0/0731.png,100.15478515625,140.0,39.84521484375
1,1,cam0,909,dataset_check_frames/sils/1/01/cam0/0909.png,99.18708801269533,139.0,39.81291198730467
1,1,cam0,921,dataset_check_frames/sils/1/01/cam0/0921.png,99.374267578125,139.0,39.625732421875
1,1,cam0,925,dataset_check_frames/sils/1/01/cam0/0925.png,99.3749542236328,139.0,39.6250457763672
1,1,cam0,904,dataset_check_frames/sils/1/01/cam0/0904.png,100.54678344726562,140.0,39.453216552734375
1,1,cam0,920,dataset_check_frames/sils/1/01/cam0/0920.png,99.65251159667967,139.0,39.34748840332033
1,1,cam0,733,dataset_check_frames/sils/1/01/cam0/0733.png,99.79966735839844,139.0,39.20033264160156
1,1,cam0,911,dataset_check_frames/sils/1/01/cam0/0911.png,99.8184814453125,139.0,39.1815185546875
